{
  "battery": 0.36051455265666604,
  "charger": 0.5108925793891862,
  "combination_lock": 0.5609590019356128,
  "controller": 0.25710346855932753,
  "cup_no_handle": 0.04046504748959835,
  "cup_with_handle": 0.19742212319961513,
  "duct_tape": 0.28525854333966705,
  "faxe_kondi": 0.7088100986386474,
  "lego_brick": 0.14839714389502726,
  "lego_man": 0.5605742639385951,
  "light_bulb": 0.43208232139731495,
  "rubber_duck": 0.19235191530674775,
  "rubiks_cube": 0.25622952852607594,
  "sun_glasses": 0.33810548840713406,
  "thermo_cup": 0.08493478719857048,
  "toy_car": 0.5459667823162626,
  "wrist_watch": 0.6838105118983381
}